{
  "N": 200,
  "kappa_p": 0.6720407326091791,
  "A_obs": 0.8398548806139118,
  "A_exp": 0.5116920443804771
}