{
  "overall": {
    "N": 3189,
    "kappa_p": 0.338827072398513,
    "A_obs": 0.7044876520656437,
    "A_exp": 0.5530483242767127
  },
  "gender=Female": {
    "N": 1437,
    "kappa_p": 0.3222078471160268,
    "A_obs": 0.6988251968365676,
    "A_exp": 0.5556531572666518
  },
  "gender=Male": {
    "N": 1437,
    "kappa_p": 0.31674613271233737,
    "A_obs": 0.7084371201044303,
    "A_exp": 0.5732729899458933
  },
  "profession=Architect": {
    "N": 349,
    "kappa_p": 0.386953778562521,
    "A_obs": 0.719141826945963,
    "A_exp": 0.5418646046044016
  },
  "profession=CEO": {
    "N": 349,
    "kappa_p": 0.35109683706758044,
    "A_obs": 0.723812781719816,
    "A_exp": 0.5743783756083376
  },
  "profession=Cop": {
    "N": 349,
    "kappa_p": 0.25044948591881067,
    "A_obs": 0.67435342068308,
    "A_exp": 0.5655441852159856
  },
  "profession=Doctor": {
    "N": 349,
    "kappa_p": 0.3266103124572181,
    "A_obs": 0.6919675088881929,
    "A_exp": 0.5425642880932341
  },
  "profession=Engineer": {
    "N": 349,
    "kappa_p": 0.4501048077027073,
    "A_obs": 0.7330803065319043,
    "A_exp": 0.5145989686634875
  },
  "profession=Farmer": {
    "N": 349,
    "kappa_p": 0.3435026902568849,
    "A_obs": 0.7131274042097244,
    "A_exp": 0.5630254815476278
  },
  "profession=Lawyer": {
    "N": 349,
    "kappa_p": 0.2841579669185117,
    "A_obs": 0.6828097353188037,
    "A_exp": 0.5568990782564333
  },
  "profession=Nurse": {
    "N": 349,
    "kappa_p": 0.355970032918555,
    "A_obs": 0.7315291352186039,
    "A_exp": 0.5831391728586367
  },
  "profession=Teacher": {
    "N": 349,
    "kappa_p": 0.2773147592683796,
    "A_obs": 0.6669189443058292,
    "A_exp": 0.5391063260722309
  },
  "nationality=American": {
    "N": 384,
    "kappa_p": 0.30941790300530386,
    "A_obs": 0.7045740529854414,
    "A_exp": 0.5722073475402772
  },
  "nationality=Chinese": {
    "N": 384,
    "kappa_p": 0.2787719413733912,
    "A_obs": 0.6739011577954944,
    "A_exp": 0.5478561346802342
  },
  "nationality=English": {
    "N": 384,
    "kappa_p": 0.34958928459103306,
    "A_obs": 0.7054238759488687,
    "A_exp": 0.5470921418231756
  },
  "nationality=German": {
    "N": 384,
    "kappa_p": 0.2575709706514662,
    "A_obs": 0.6916597449293675,
    "A_exp": 0.5846872322042759
  },
  "nationality=Indian": {
    "N": 384,
    "kappa_p": 0.36713224491323376,
    "A_obs": 0.7086757604092115,
    "A_exp": 0.5396759635022835
  },
  "nationality=Pakistani": {
    "N": 384,
    "kappa_p": 0.32303196638291987,
    "A_obs": 0.6935203493861571,
    "A_exp": 0.5472760375755056
  },
  "nationality=Russian": {
    "N": 384,
    "kappa_p": 0.3462252120583402,
    "A_obs": 0.705333910911456,
    "A_exp": 0.5492850221155381
  },
  "nationality=Spanish": {
    "N": 384,
    "kappa_p": 0.331145455263009,
    "A_obs": 0.7072470646361344,
    "A_exp": 0.5623070252457015
  },
  "age=Elderly": {
    "N": 979,
    "kappa_p": 0.2874787347650021,
    "A_obs": 0.6921824586058967,
    "A_exp": 0.5679882742972149
  },
  "age=Middle-aged": {
    "N": 979,
    "kappa_p": 0.21459752045160926,
    "A_obs": 0.7008973109944179,
    "A_exp": 0.6191727212555183
  },
  "age=Young": {
    "N": 979,
    "kappa_p": 0.3523701981103178,
    "A_obs": 0.7156154704314348,
    "A_exp": 0.560884121239054
  }
}