{
  "overall": {
    "N": 3189,
    "kappa_p": 0.3394020495840816,
    "A_obs": 0.715028754095606,
    "A_exp": 0.5686162124406023
  },
  "gender=Female": {
    "N": 1437,
    "kappa_p": 0.3204490530971452,
    "A_obs": 0.7104496748682695,
    "A_exp": 0.5739093198951525
  },
  "gender=Male": {
    "N": 1437,
    "kappa_p": 0.3149320495696263,
    "A_obs": 0.7231713794715339,
    "A_exp": 0.5959107116972021
  },
  "profession=Architect": {
    "N": 349,
    "kappa_p": 0.36587488571958765,
    "A_obs": 0.7173574992380654,
    "A_exp": 0.5542795981473316
  },
  "profession=CEO": {
    "N": 349,
    "kappa_p": 0.36764887365655957,
    "A_obs": 0.7411264043814434,
    "A_exp": 0.5906173250366632
  },
  "profession=Cop": {
    "N": 349,
    "kappa_p": 0.2742224208165123,
    "A_obs": 0.6982159791376482,
    "A_exp": 0.584192141617458
  },
  "profession=Doctor": {
    "N": 349,
    "kappa_p": 0.33894218188779707,
    "A_obs": 0.7092658106108456,
    "A_exp": 0.5601985462944674
  },
  "profession=Engineer": {
    "N": 349,
    "kappa_p": 0.4185436735228224,
    "A_obs": 0.7243736327124042,
    "A_exp": 0.5259723650140484
  },
  "profession=Farmer": {
    "N": 349,
    "kappa_p": 0.32606943585306847,
    "A_obs": 0.7143622604107286,
    "A_exp": 0.5761614700605919
  },
  "profession=Lawyer": {
    "N": 349,
    "kappa_p": 0.2816713885477453,
    "A_obs": 0.6902988011688038,
    "A_exp": 0.5688586060841025
  },
  "profession=Nurse": {
    "N": 349,
    "kappa_p": 0.3709714176949454,
    "A_obs": 0.7468331676386919,
    "A_exp": 0.5975272992626399
  },
  "profession=Teacher": {
    "N": 349,
    "kappa_p": 0.2890870316044767,
    "A_obs": 0.6848135851905455,
    "A_exp": 0.5566455686962549
  },
  "nationality=American": {
    "N": 384,
    "kappa_p": 0.3258150353635345,
    "A_obs": 0.7219659008960096,
    "A_exp": 0.5875996741429674
  },
  "nationality=Chinese": {
    "N": 384,
    "kappa_p": 0.2703346718669978,
    "A_obs": 0.6822487217830805,
    "A_exp": 0.5645246307235797
  },
  "nationality=English": {
    "N": 384,
    "kappa_p": 0.3434300326181493,
    "A_obs": 0.7121198863187551,
    "A_exp": 0.5615393210426599
  },
  "nationality=German": {
    "N": 384,
    "kappa_p": 0.24803848797764422,
    "A_obs": 0.7050778853866672,
    "A_exp": 0.6077962636409976
  },
  "nationality=Indian": {
    "N": 384,
    "kappa_p": 0.38258569057170994,
    "A_obs": 0.7253065663813901,
    "A_exp": 0.5550905940729346
  },
  "nationality=Pakistani": {
    "N": 384,
    "kappa_p": 0.314214153615796,
    "A_obs": 0.6985878287777266,
    "A_exp": 0.5604864509650284
  },
  "nationality=Russian": {
    "N": 384,
    "kappa_p": 0.32920747120715105,
    "A_obs": 0.7094157385794984,
    "A_exp": 0.566804564828064
  },
  "nationality=Spanish": {
    "N": 384,
    "kappa_p": 0.32952970975463386,
    "A_obs": 0.7175257534185827,
    "A_exp": 0.5786923735605903
  },
  "age=Elderly": {
    "N": 979,
    "kappa_p": 0.27492909739473154,
    "A_obs": 0.6984881742615953,
    "A_exp": 0.5841622872259308
  },
  "age=Middle-aged": {
    "N": 979,
    "kappa_p": 0.22051723905339746,
    "A_obs": 0.7218136380734248,
    "A_exp": 0.6431141574077326
  },
  "age=Young": {
    "N": 979,
    "kappa_p": 0.37265545533199074,
    "A_obs": 0.734107350482043,
    "A_exp": 0.5761616933185139
  }
}