gender,mean,count
Female,1.192827113839083,86
Male,1.789367736013312,95
UNKNOWN,-4.069671605762682,19
